<?xml version='1.1' encoding='UTF-8'?>
<hudson.util.DescribableList>
  <hudson.node__monitors.ArchitectureMonitor>
    <ignored>false</ignored>
  </hudson.node__monitors.ArchitectureMonitor>
  <hudson.node__monitors.ClockMonitor>
    <ignored>false</ignored>
  </hudson.node__monitors.ClockMonitor>
  <hudson.node__monitors.DiskSpaceMonitor>
    <ignored>false</ignored>
    <freeSpaceThreshold>1GiB</freeSpaceThreshold>
    <freeSpaceWarningThreshold>2GiB</freeSpaceWarningThreshold>
  </hudson.node__monitors.DiskSpaceMonitor>
  <hudson.node__monitors.SwapSpaceMonitor>
    <ignored>false</ignored>
  </hudson.node__monitors.SwapSpaceMonitor>
  <hudson.node__monitors.TemporarySpaceMonitor>
    <ignored>false</ignored>
    <freeSpaceThreshold>1GiB</freeSpaceThreshold>
    <freeSpaceWarningThreshold>2GiB</freeSpaceWarningThreshold>
  </hudson.node__monitors.TemporarySpaceMonitor>
  <hudson.node__monitors.ResponseTimeMonitor>
    <ignored>false</ignored>
  </hudson.node__monitors.ResponseTimeMonitor>
</hudson.util.DescribableList>